<?xml version="1.0" encoding="UTF-8"?>
<!DOCTYPE bindings PUBLIC "-//NetBeans//DTD Editor KeyBindings settings 1.1//EN" "http://www.netbeans.org/dtds/EditorKeyBindings-1_1.dtd">
<bindings>
    <bind actionName="collapse-all-javadoc-folds" key="D-PERIOD"/>
    <bind actionName="complete-line" key="D-SEMICOLON"/>
    <bind actionName="complete-line-newline" key="SD-SEMICOLON"/>
    <bind actionName="expand-all-javadoc-folds" key="SD-PERIOD"/>
    <bind actionName="fast-import" key="SO-I"/>
    <bind actionName="fix-imports" key="SD-I"/>
    <bind actionName="goto-help" key="O-F1"/>
    <bind actionName="goto-implementation" key="DO-B"/>
    <bind actionName="goto-source" key="SD-B"/>
    <bind actionName="in-place-refactoring" key="SO-R"/>
    <bind actionName="introduce-constant" key="SO-C"/>
    <bind actionName="introduce-field" key="SO-E"/>
    <bind actionName="introduce-method" key="SO-M"/>
    <bind actionName="introduce-variable" key="SO-V"/>
    <bind actionName="java-next-marked-occurrence" key="O-DOWN"/>
    <bind actionName="java-prev-marked-occurrence" key="O-UP"/>
    <bind actionName="remove-surrounding-code" key="O-BACK_SPACE"/>
    <bind actionName="select-element-next" key="SO-PERIOD"/>
    <bind actionName="select-element-previous" key="SO-COMMA"/>
    <bind actionName="toggle-comment" key="SD-C"/>
    <bind actionName="toggle-comment" key="D-SLASH"/>
</bindings>
