<?xml version="1.0" encoding="UTF-8"?>
<!DOCTYPE fontscolors PUBLIC "-//NetBeans//DTD Editor Fonts and Colors settings 1.1//EN" "http://www.netbeans.org/dtds/EditorFontsColors-1_1.dtd">
<fontscolors>
    <fontcolor bgColor="darkGray" name="mark-occurrences"/>
    <fontcolor name="identifier"/>
    <fontcolor default="field" foreColor="magenta" name="markup-attribute"/>
    <fontcolor default="identifier" name="method"/>
    <fontcolor foreColor="ffffc600" name="string"/>
    <fontcolor default="keyword" name="markup-element"/>
    <fontcolor default="string" name="markup-attribute-value"/>
    <fontcolor name="error" waveUnderlined="red"/>
    <fontcolor default="default" foreColor="black" name="entity-reference">
        <font style="bold"/>
    </fontcolor>
    <fontcolor name="separator"/>
    <fontcolor name="operator"/>
    <fontcolor foreColor="ffffc600" name="url" underline="blue"/>
    <fontcolor foreColor="fffdb082" name="number"/>
    <fontcolor bgColor="ff191919" foreColor="white" name="default">
        <font name="Monaco" size="18"/>
    </fontcolor>
    <fontcolor default="identifier" foreColor="ff8cdaff" name="field"/>
    <fontcolor foreColor="ffffc600" name="char"/>
    <fontcolor name="warning" waveUnderlined="yellow"/>
    <fontcolor foreColor="ff6d6d6d" name="comment"/>
    <fontcolor foreColor="ffff5e5e" name="keyword"/>
    <fontcolor foreColor="black" name="whitespace"/>
</fontscolors>
